<!DOCTYPE patchbay>
<patchbay version="0.4.2" name="mosca1st_and_2nd">
 <output-sockets>
  <socket client="ardour" exclusive="off" name="Ardour MMC out" type="jack-midi">
   <plug>MMC out</plug>
  </socket>
  <socket client="SuperCollider" exclusive="off" name="SuperCollider 2nd order amb" type="jack-audio">
   <plug>out_7</plug>
   <plug>out_8</plug>
   <plug>out_9</plug>
   <plug>out_10</plug>
   <plug>out_11</plug>
   <plug>out_12</plug>
   <plug>out_13</plug>
   <plug>out_14</plug>
   <plug>out_15</plug>
  </socket>
  <socket client="SuperCollider" exclusive="off" name="SuperCollider 1st order amb" type="jack-audio">
   <plug>out_3</plug>
   <plug>out_4</plug>
   <plug>out_5</plug>
   <plug>out_6</plug>
  </socket>
  <socket client="SuperCollider" exclusive="off" name="SuperCollider Binaural" type="jack-audio">
   <plug>out_1</plug>
   <plug>out_2</plug>
  </socket>
  <socket client="ambdec" exclusive="off" name="ambdec 1" type="jack-audio">
   <plug>out_1</plug>
   <plug>out_2</plug>
   <plug>out_3</plug>
   <plug>out_4</plug>
   <plug>out_5</plug>
   <plug>out_6</plug>
   <plug>out_7</plug>
   <plug>out_8</plug>
  </socket>
  <socket client="vlc_[0-9]+" exclusive="off" name="vlc B-format" type="jack-audio">
   <plug>out_1</plug>
   <plug>out_2</plug>
   <plug>out_3</plug>
   <plug>out_4</plug>
  </socket>
 </output-sockets>
 <input-sockets>
  <socket client="a2j" exclusive="off" name="a2j 1" type="jack-midi">
   <plug>SuperCollider \[130\] \(playback\): in0</plug>
  </socket>
  <socket client="jkmeter" exclusive="off" name="jkmeter 1" type="jack-audio">
   <plug>in-1</plug>
   <plug>in-2</plug>
   <plug>in-3</plug>
   <plug>in-4</plug>
  </socket>
  <socket client="system" exclusive="off" name="system 8channel ambi" type="jack-audio">
   <plug>playback_1</plug>
   <plug>playback_2</plug>
   <plug>playback_3</plug>
   <plug>playback_4</plug>
   <plug>playback_5</plug>
   <plug>playback_6</plug>
   <plug>playback_7</plug>
   <plug>playback_8</plug>
  </socket>
  <socket client="system" exclusive="off" name="System LF RF" type="jack-audio">
   <plug>playback_1</plug>
   <plug>playback_2</plug>
  </socket>
  <socket client="ambdec" exclusive="off" name="ambdec 1" type="jack-audio">
   <plug>in\.0w</plug>
   <plug>in\.1x</plug>
   <plug>in\.1y</plug>
   <plug>in\.1z</plug>
   <plug>in\.2r</plug>
   <plug>in\.2s</plug>
   <plug>in\.2t</plug>
   <plug>in\.2u</plug>
   <plug>in\.2v</plug>
  </socket>
  <socket client="ambdec-01" exclusive="off" name="ambdec 2" type="jack-audio">
   <plug>in\.0w</plug>
   <plug>in\.1x</plug>
   <plug>in\.1y</plug>
   <plug>in\.1z</plug>
  </socket>
 </input-sockets>
 <slots/>
 <cables>
  <cable output="Ardour MMC out" input="a2j 1" type="jack-midi"/>
  <cable output="SuperCollider 2nd order amb" input="ambdec 1" type="jack-audio"/>
  <cable output="SuperCollider Binaural" input="System LF RF" type="jack-audio"/>
  <cable output="ambdec 1" input="system 8channel ambi" type="jack-audio"/>
  <cable output="vlc B-format" input="jkmeter 1" type="jack-audio"/>
  <cable output="vlc B-format" input="ambdec 1" type="jack-audio"/>
 </cables>
</patchbay>

